<?xml version="1.0" encoding="UTF-8" ?>
<XMLDB PATH="blocks/ai_chat/db" VERSION="20250210" COMMENT="XMLDB file for Moodle blocks/ai_chat"
       xmlns:xsi="http://www.w3.org/2001/XMLSchema-instance"
       xsi:noNamespaceSchemaLocation="../../../lib/xmldb/xmldb.xsd"
>
    <TABLES>
        <TABLE NAME="block_ai_chat_personas" COMMENT="Persona name and prompt">
            <FIELDS>
                <FIELD NAME="id" TYPE="int" LENGTH="10" NOTNULL="true" SEQUENCE="true"/>
                <FIELD NAME="userid" TYPE="int" LENGTH="10" NOTNULL="true" SEQUENCE="false"/>
                <FIELD NAME="name" TYPE="char" LENGTH="255" NOTNULL="true" SEQUENCE="false" COMMENT="Name of persona prompt"/>
                <FIELD NAME="prompt" TYPE="text" NOTNULL="true" SEQUENCE="false"/>
                <FIELD NAME="userinfo" TYPE="text" NOTNULL="true" SEQUENCE="false"/>
                <FIELD NAME="timecreated" TYPE="int" LENGTH="10" NOTNULL="true" SEQUENCE="false"/>
                <FIELD NAME="timemodified" TYPE="int" LENGTH="10" NOTNULL="true" SEQUENCE="false"/>
            </FIELDS>
            <KEYS>
                <KEY NAME="primary" TYPE="primary" FIELDS="id"/>
                <KEY NAME="userid" TYPE="foreign" FIELDS="userid" REFTABLE="user" REFFIELDS="id"/>
            </KEYS>
        </TABLE>

        <TABLE NAME="block_ai_chat_personas_selected" COMMENT="Save blockcontextid and selected persona">
            <FIELDS>
                <FIELD NAME="id" TYPE="int" LENGTH="10" NOTNULL="true" SEQUENCE="true"/>
                <FIELD NAME="personasid" TYPE="int" LENGTH="10" NOTNULL="true" SEQUENCE="false" COMMENT="block_ai_chat_personas id"/>
                <FIELD NAME="contextid" TYPE="int" LENGTH="10" NOTNULL="true" SEQUENCE="false" COMMENT="Block contextid"/>
            </FIELDS>
            <KEYS>
                <KEY NAME="primary" TYPE="primary" FIELDS="id"/>
                <KEY NAME="contextid" TYPE="foreign" FIELDS="contextid" REFTABLE="context" REFFIELDS="id"/>
            </KEYS>
        </TABLE>

        <TABLE NAME="block_ai_chat_options" COMMENT="Save options per block instance">
            <FIELDS>
                <FIELD NAME="id" TYPE="int" LENGTH="10" NOTNULL="true" SEQUENCE="true"/>
                <FIELD NAME="name" TYPE="char" LENGTH="255" NOTNULL="true" SEQUENCE="false" COMMENT="Name of option"/>
                <FIELD NAME="value" TYPE="char" LENGTH="255" NOTNULL="true" SEQUENCE="false" COMMENT="Value of option"/>
                <FIELD NAME="contextid" TYPE="int" LENGTH="10" NOTNULL="true" SEQUENCE="false" COMMENT="Block contextid"/>
            </FIELDS>
            <KEYS>
                <KEY NAME="primary" TYPE="primary" FIELDS="id"/>
                <KEY NAME="contextid" TYPE="foreign" FIELDS="contextid" REFTABLE="context" REFFIELDS="id"/>
            </KEYS>
        </TABLE>
    </TABLES>
</XMLDB>
